{
  "schema_version": 1,
  "analysis": "stored behavior overview",
  "animals": {
    "M1": {
      "stored_rows": 10,
      "mean_percent": [
        3.8158000000000003,
        20.5436,
        38.523900000000005,
        60.099599999999995,
        70.6886
      ],
      "sd_percent": [
        2.560834973206981,
        8.375263747488791,
        4.684055069061422,
        6.207945363805966,
        5.590857039846397
      ],
      "input_sha256": "4fa2d517e30cfc0ad28873d777031936ff5e5d746d300a38a67c0f18f31f5bcf"
    },
    "M2": {
      "stored_rows": 21,
      "mean_percent": [
        3.249761904761905,
        23.24190476190476,
        44.59671428571429,
        74.13842857142856,
        85.11557142857143
      ],
      "sd_percent": [
        1.9018863544427198,
        9.930784810039468,
        6.418096633314102,
        13.147096143514077,
        8.55239038471216
      ],
      "input_sha256": "cd922c7afa834c45c76dbe305347e893968b9ec82d627e4e4ee207e4c92cced4"
    },
    "M3": {
      "stored_rows": 20,
      "mean_percent": [
        3.5967000000000007,
        29.506549999999997,
        39.89165,
        59.917899999999996,
        73.33325
      ],
      "sd_percent": [
        2.3549489399984873,
        6.305251021767492,
        6.560542784518671,
        6.123163911737135,
        4.748875412926727
      ],
      "input_sha256": "b41a90896e3090aa0c6999d041d3b72e4dba592df727b138bb2c6a24529a26f7"
    }
  }
}
